{
    "action": {
        "min": [
            0.0,
            0.0,
            -1.0
        ],
        "max": [
            0.0,
            0.0,
            0.0
        ],
        "mean": [
            0.0,
            0.0,
            -0.7552083134651184
        ],
        "std": [
            0.0,
            0.0,
            0.42996373772621155
        ],
        "count": [
            192
        ]
    },
    "observation.state": {
        "min": [
            9.977168083190918,
            207.90370178222656,
            45.49053192138672
        ],
        "max": [
            9.978821754455566,
            207.91033935546875,
            190.4921112060547
        ],
        "mean": [
            9.977944374084473,
            207.90716552734375,
            124.78789520263672
        ],
        "std": [
            0.0005813352181576192,
            0.002323790220543742,
            50.63457107543945
        ],
        "count": [
            192
        ]
    },
    "observation.images.cam_1": {
        "min": [
            [
                [
                    0.0
                ]
            ],
            [
                [
                    0.0
                ]
            ],
            [
                [
                    0.0
                ]
            ]
        ],
        "max": [
            [
                [
                    1.0
                ]
            ],
            [
                [
                    1.0
                ]
            ],
            [
                [
                    1.0
                ]
            ]
        ],
        "mean": [
            [
                [
                    0.45736638071895425
                ]
            ],
            [
                [
                    0.46955402369281046
                ]
            ],
            [
                [
                    0.47199012663398693
                ]
            ]
        ],
        "std": [
            [
                [
                    0.3062022902137039
                ]
            ],
            [
                [
                    0.31206043691887353
                ]
            ],
            [
                [
                    0.2911032380552405
                ]
            ]
        ],
        "count": [
            100
        ]
    },
    "timestamp": {
        "min": [
            0.0
        ],
        "max": [
            6.366666666666666
        ],
        "mean": [
            3.1833333333333336
        ],
        "std": [
            1.847495802631427
        ],
        "count": [
            192
        ]
    },
    "frame_index": {
        "min": [
            0
        ],
        "max": [
            191
        ],
        "mean": [
            95.5
        ],
        "std": [
            55.42487407894281
        ],
        "count": [
            192
        ]
    },
    "episode_index": {
        "min": [
            0
        ],
        "max": [
            0
        ],
        "mean": [
            0.0
        ],
        "std": [
            0.0
        ],
        "count": [
            192
        ]
    },
    "index": {
        "min": [
            0
        ],
        "max": [
            191
        ],
        "mean": [
            95.5
        ],
        "std": [
            55.42487407894281
        ],
        "count": [
            192
        ]
    },
    "task_index": {
        "min": [
            0
        ],
        "max": [
            0
        ],
        "mean": [
            0.0
        ],
        "std": [
            0.0
        ],
        "count": [
            192
        ]
    }
}